Karan Verma,8920468370,Test@123,2025-07-17 16:35:02
Ravi Patel,8920468370,Test@123,2025-07-17 17:01:30
Ravi Patel,8920468370,Test@123,2025-07-17 17:01:32
Neha Yadav,8920468370,Test@123,2025-07-17 17:24:53
Vijay Patel,8920468370,Test@123,2025-07-17 17:35:04
Vijay Singh,8920468370,Test@123,2025-07-17 17:46:00
Karan Patel,8920468370,Test@123,2025-07-17 17:49:09
Neha Sharma,8920468370,Test@123,2025-07-17 17:51:53
Ravi Singh,8920468370,Test@123,2025-07-17 17:58:35
Neha Verma,8920468370,Test@123,2025-07-17 20:26:47
Neha Singh,8920468370,8920468370@axl,Test@123,2025-07-17 20:45:49
Ravi Singh,8920468370,89290868370@axl,Aman5283t3X,2025-07-17 21:33:07
Karan Patel,8920468370,8920468370@axl,Ravi4942aQN,2025-07-17 22:10:36
Aman Singh,8920468370,uyyuyfgj2gm;,Aman0678#4yay,2025-07-17 22:36:54
Ravi Yadav,8920468370,8920468370@axl,Vijay2224f0P,2025-07-18 16:19:09
